Adilabad,Karimnagar,Khammam,Nizamabad,Warangal
1.866965357,1.866965357,1.866965357,1.866965357,1.866965357
10.684,10.684,10.684,10.684,10.684
10.684,10.684,10.684,10.684,10.684
10.684,10.684,10.684,10.684,10.684