Adilabad,Karimnagar,Khammam,Nizamabad,Warangal
1.8669653569878346,1.8669653569878346,1.8669653569878346,1.8669653569878346
10.684,10.684,10.684,10.684,10.684
10.684,10.684,10.684,10.684,10.684
10.684,10.684,10.684,10.684,10.684
