Adilabad,Karimnagar,Khammam,Nizamabad,Warangal
7.796066990253592,12.75349997260161,15.992054189621852,9.58428657796963,14.75812357531311
282.1378765821741,516.6193320600192,794.2455316943775,365.3635138318844,694.9724980093688
4.184014918725382,4.549677075733805,4.074918731403268,4.205486018816885,3.9111229195340433
4.184014918725382,4.549677075733805,4.074918731403268,4.205486018816885,3.9111229195340433
