Adilabad,Karimnagar,Khammam,Nizamabad,Warangal
1.990611656,1.866166954,1.885791198,1.920691463,1.960005182
1.866965357,1.872164323,1.887238756,1.939535234,1.975945214
1.873568513,1.874523136,1.886213567,1.976935454,1.976425552
1.875813456,1.872521245,1.886213456,1.977463244,1.980946425