Adilabad,Karimnagar,Khammam,Nizamabad,Warangal
1.9906116555239453,1.8661669543954664,1.8857911984489468,1.9206914631421612,1.960005182189725
1.866965357,1.866965357,1.866965357,1.866965357,1.866965357
10.684,10.684,10.684,10.684,10.684
10.684,10.684,10.684,10.684,10.684
