Adilabad,Karimnagar,Khammam,Nizamabad,Warangal
0.644762347,0.644762347,0.644762347,0.644762347,0.644762347
10.684,10.684,10.684,10.684,10.684
10.684,10.684,10.684,10.684,10.684
10.684,10.684,10.684,10.684,10.684