Adilabad,Karimnagar,Khammam,Nizamabad,Warangal
0.644127890775797,0.6818311318467682,0.8199816453356968,0.6460801129167157,0.7466836385671956
0.6432740774585161,0.68334069543045,0.8208537899001118,0.6471417551728318,0.7492699952046664
0.644575587,0.685012929,0.823324202,0.648066505,0.751533916
0.645356723,0.644762347,0.825143731,0.649237484,0.752533965
