Adilabad,Karimnagar,Khammam,Nizamabad,Warangal
0.6447623467575234,0.6447623467575234,0.6447623467575234,0.6447623467575234
10.684,10.684,10.684,10.684,10.684
10.684,10.684,10.684,10.684,10.684
10.684,10.684,10.684,10.684,10.684
