Adilabad,Karimnagar,Khammam,Nizamabad,Warangal
0.644575587,0.685012929,0.823324202,0.648066505,0.751533916
0.645356723,0.644762347,0.825143731,0.649237484,0.752533965
0.676935454,0.685791198,0.834452815,0.649385412,0.753756561
0.648456213,0.688725849,0.834212684,0.649734413,0.768393397