Adilabad,Karimnagar,Khammam,Nizamabad,Warangal
0.6432740774585161,0.68334069543045,0.8208537899001118,0.6471417551728318,0.7492699952046664
0.644575587,0.685012929,0.823324202,0.648066505,0.751533916
0.645356723,0.644762347,0.825143731,0.649237484,0.752533965
0.676935454,0.685791198,0.834452815,0.649385412,0.753756561
