Adilabad,Karimnagar,Khammam,Nizamabad,Warangal
4.184014918725382,4.549677075733805,4.074918731403268,4.205486018816885,3.9111229195340433
4.184014918725382,4.549677075733805,4.074918731403268,4.205486018816885,3.9111229195340433
4.184014918725382,4.549677075733805,4.074918731403268,4.205486018816885,3.9111229195340433
4.184014918725382,4.549677075733805,4.074918731403268,4.205486018816885,3.9111229195340433
