Adilabad,Karimnagar,Khammam,Nizamabad,Warangal
4.184014918725382,4.549677075733805,4.074918731403268,4.205486018816885,3.9111229195340433
4.184014918725382,4.549677075733805,4.074918731403268,4.205486018816885,3.9111229195340433
4.187105615192136,4.55009473519443,4.074317190449252,4.205218742469364,3.9163243271951536
2.041120582037527,2.041120582037527,2.041120582037527,2.041120582037527,2.041120582037527
